{
  "swagger": "2.0",
  "info": {
    "version": "1.0.0",
    "title": "Inventory",
    "description": "Lab 4 Swagger UI",
    "license": {
      "name": "Albert Kozak",
      "url": "https://opensource.org/licenses/MIT"
    }
  },
  "host": "localhost:3000",
  "basePath": "/api",
  "tags": [
    {
      "name": "products",
      "description": "API for products in the system"
    }
  ],
  "schemes": ["http"],
  "consumes": ["application/json"],
  "produces": ["application/json"],
  "paths": {
    "/products": {
      "post": {
        "tags": ["products"],
        "description": "Create new user in system",
        "parameters": [
          {
            "name": "user",
            "in": "body",
            "description": "User that we want to create",
            "schema": {
              "$ref": "#/definitions/User"
            }
          }
        ],
        "produces": ["application/json"],
        "responses": {
          "200": {
            "description": "New user is created",
            "schema": {
              "$ref": "#/definitions/User"
            }
          }
        }
      },
      "get": {
        "tags": ["products"],
        "summary": "Get all products in system",
        "responses": {
          "200": {
            "description": "OK",
            "schema": {
              "$ref": "#/definitions/products"
            }
          }
        }
      }
    },
    "/products/{_id}": {
      "parameters": [
        {
          "name": "_id",
          "in": "path",
          "required": true,
          "description": "ID of user that we want to find",
          "type": "string"
        }
      ],
      "get": {
        "tags": ["products"],
        "summary": "Get user with given ID",
        "responses": {
          "200": {
            "description": "User is found",
            "schema": {
              "$ref": "#/definitions/User"
            }
          }
        }
      },
      "delete": {
        "summary": "Delete user with given ID",
        "tags": ["products"],
        "responses": {
          "200": {
            "description": "User is deleted",
            "schema": {
              "$ref": "#/definitions/User"
            }
          }
        }
      },
      "put": {
        "summary": "Update user with give ID",
        "tags": ["products"],
        "parameters": [
          {
            "name": "user",
            "in": "body",
            "description": "User with new values of properties",
            "schema": {
              "$ref": "#/definitions/User"
            }
          }
        ],
        "responses": {
          "200": {
            "description": "User is updated",
            "schema": {
              "$ref": "#/definitions/User"
            }
          }
        }
      }
    }
  },
  "definitions": {
    "User": {
      "required": ["product", "_id"],
      "properties": {
        "_id": {
          "type": "string",
          "uniqueItems": true
        },
        "product": {
          "type": "string",
          "uniqueItems": true
        },
        "category": {
          "type": "string"
        },
        "price": {
          "type": "number"
        }
      }
    },
    "products": {
      "type": "array",
      "$ref": "#/definitions/User"
    }
  }
}
